ID_Aluno,Horas_Estudo_Semanal,Faltas_Mes,Nota_Simulado,Resultado
1,10.0,7,4.2,Reprovado
2,23.8,2,4.8,Aprovado
3,18.6,7,0.2,Reprovado
4,15.4,4,2.6,Reprovado
5,4.7,0,7.6,Aprovado
6,4.7,6,1.4,Reprovado
7,2.4,4,5.4,Aprovado
8,21.8,5,2.2,Reprovado
9,15.4,5,0.1,Reprovado
10,18.0,7,2.4,Reprovado
11,1.5,8,9.8,Reprovado
12,24.3,1,8.0,Aprovado
13,21.0,8,9.6,Aprovado
14,6.1,10,4.9,Reprovado
15,5.4,9,1.1,Reprovado
16,5.4,8,5.5,Reprovado
17,8.3,9,4.5,Reprovado
18,13.6,9,8.4,Aprovado
19,11.4,6,1.0,Reprovado
20,8.0,0,4.9,Aprovado
21,15.7,6,1.5,Reprovado
22,4.3,9,3.2,Reprovado
23,8.0,4,7.4,Aprovado
24,9.8,5,4.8,Reprovado
25,11.9,9,3.8,Reprovado
26,19.8,6,3.9,Aprovado
27,5.8,4,4.6,Reprovado
28,13.3,6,7.9,Aprovado
29,15.2,8,8.9,Reprovado
30,2.1,2,9.6,Aprovado
31,15.6,7,7.9,Aprovado
32,5.1,1,3.2,Aprovado
33,2.6,10,6.9,Reprovado
34,23.8,6,4.4,Aprovado
35,24.2,1,2.5,Aprovado
36,20.4,3,8.4,Aprovado
37,8.3,6,0.4,Reprovado
38,3.3,2,9.0,Aprovado
39,17.4,1,4.6,Aprovado
40,11.6,10,6.4,Reprovado
41,3.9,9,6.6,Reprovado
42,12.9,6,9.0,Aprovado
43,1.8,0,6.4,Aprovado
44,22.8,7,6.1,Aprovado
45,7.2,2,0.7,Reprovado
46,16.9,1,5.2,Aprovado
47,8.5,2,1.5,Reprovado
48,13.5,4,7.4,Aprovado
49,14.1,10,5.1,Reprovado
50,5.4,7,6.8,Reprovado
51,24.3,9,0.4,Reprovado
52,19.6,6,0.8,Reprovado
53,23.5,6,7.2,Aprovado
54,22.5,6,0.7,Reprovado
55,15.3,7,0.7,Reprovado
56,23.1,0,0.1,Aprovado
57,3.1,3,9.6,Aprovado
58,5.7,5,7.4,Aprovado
59,2.1,8,3.5,Reprovado
60,8.8,1,3.0,Aprovado
61,10.3,0,3.5,Aprovado
62,7.5,9,7.7,Reprovado
63,20.9,1,6.6,Aprovado
64,9.6,6,1.9,Reprovado
65,7.7,2,1.7,Reprovado
66,14.0,9,1.0,Reprovado
67,4.4,1,6.6,Aprovado
68,20.3,10,7.6,Aprovado
69,2.8,6,2.7,Reprovado
70,24.7,1,0.2,Reprovado
71,19.5,2,0.8,Reprovado
72,5.8,10,9.7,Aprovado
73,1.1,6,3.0,Reprovado
74,20.6,3,7.7,Aprovado
75,18.0,0,6.2,Aprovado
76,18.5,4,3.8,Aprovado
77,19.5,8,2.1,Reprovado
78,2.8,7,1.2,Reprovado
79,9.6,8,6.2,Reprovado
80,3.8,9,7.7,Reprovado
81,21.7,8,6.4,Aprovado
82,16.0,6,5.3,Aprovado
83,8.9,3,0.4,Reprovado
84,2.5,4,9.7,Aprovado
85,8.5,0,8.0,Aprovado
86,8.8,0,2.9,Reprovado
87,18.5,2,9.8,Aprovado
88,16.3,7,6.0,Aprovado
89,22.3,1,5.8,Aprovado
90,12.3,3,7.5,Aprovado
91,3.9,1,8.1,Aprovado
92,18.1,4,6.6,Aprovado
93,19.3,8,1.3,Reprovado
94,14.5,0,3.4,Aprovado
95,19.5,4,9.3,Aprovado
96,12.9,8,2.2,Reprovado
97,13.5,0,3.7,Aprovado
98,11.3,8,4.3,Reprovado
99,1.6,7,4.4,Reprovado
100,3.6,3,6.1,Aprovado
101,1.8,10,9.4,Reprovado
102,16.3,9,2.4,Reprovado
103,8.5,4,1.2,Reprovado
104,13.2,4,2.0,Reprovado
105,22.8,10,8.9,Aprovado
106,7.0,5,6.5,Reprovado
107,10.8,6,2.9,Reprovado
108,19.1,7,8.2,Aprovado
109,6.5,7,8.6,Reprovado
110,2.8,10,8.5,Reprovado
111,8.0,1,9.2,Aprovado
112,4.9,8,2.5,Reprovado
113,23.3,6,7.6,Aprovado
114,20.4,3,4.6,Aprovado
115,16.2,3,8.4,Aprovado
116,21.9,10,7.3,Aprovado
117,20.3,7,7.8,Aprovado
118,5.5,3,6.6,Reprovado
119,22.4,5,1.8,Reprovado
120,13.9,4,5.5,Reprovado
121,20.4,2,9.8,Aprovado
122,22.5,9,9.4,Aprovado
123,8.6,10,0.4,Reprovado
124,3.6,1,1.6,Reprovado
125,6.5,8,1.3,Reprovado
126,11.3,9,7.3,Reprovado
127,20.6,8,8.2,Aprovado
128,21.7,0,2.1,Aprovado
129,1.2,9,5.1,Reprovado
130,13.3,2,8.4,Aprovado
131,11.0,7,7.3,Reprovado
132,6.3,5,5.4,Aprovado
133,3.9,4,5.9,Aprovado
134,9.1,4,5.1,Aprovado
135,23.6,5,3.0,Aprovado
136,8.8,6,5.7,Reprovado
137,13.5,0,6.9,Aprovado
138,17.9,8,8.7,Aprovado
139,9.7,2,6.4,Aprovado
140,24.3,3,7.6,Aprovado
141,24.1,9,1.6,Reprovado
142,7.0,0,4.6,Reprovado
143,12.9,10,0.1,Reprovado
144,8.2,9,2.5,Reprovado
145,7.8,2,7.3,Aprovado
146,1.9,1,9.9,Aprovado
147,15.6,1,1.0,Aprovado
148,13.1,0,4.0,Aprovado
149,2.2,7,8.0,Aprovado
150,7.7,2,2.0,Reprovado
151,22.8,2,5.6,Aprovado
152,6.7,5,7.3,Aprovado
153,4.5,7,6.2,Reprovado
154,12.7,8,1.9,Reprovado
155,24.7,8,3.6,Reprovado
156,6.8,3,7.8,Aprovado
157,17.1,4,5.5,Aprovado
158,19.3,1,0.1,Aprovado
159,6.7,10,7.6,Reprovado
160,18.5,8,0.4,Reprovado
161,9.8,7,7.5,Reprovado
162,16.2,2,2.0,Reprovado
163,16.2,10,9.6,Aprovado
164,13.9,8,3.7,Reprovado
165,3.2,2,3.3,Reprovado
166,21.0,8,1.5,Reprovado
167,8.7,1,3.1,Aprovado
168,5.5,9,8.8,Aprovado
169,2.0,8,10.0,Reprovado
170,15.2,7,3.7,Reprovado
171,17.3,8,4.5,Reprovado
172,1.4,4,7.2,Aprovado
173,13.3,10,8.9,Reprovado
174,6.4,10,5.9,Reprovado
175,16.5,1,3.9,Aprovado
176,5.2,7,4.1,Reprovado
177,17.6,5,7.0,Aprovado
178,10.3,7,0.0,Reprovado
179,23.5,10,6.2,Aprovado
180,4.3,4,3.6,Reprovado
181,9.2,9,7.9,Reprovado
182,3.7,1,0.9,Reprovado
183,23.2,5,5.9,Aprovado
184,22.1,4,4.8,Aprovado
185,7.2,4,6.4,Aprovado
186,16.8,0,0.6,Reprovado
187,20.6,1,5.8,Aprovado
188,14.3,7,5.6,Aprovado
189,13.7,2,5.6,Aprovado
190,6.8,9,6.0,Reprovado
191,3.2,2,6.8,Aprovado
192,22.5,7,8.0,Aprovado
193,22.6,7,2.7,Reprovado
194,16.2,1,8.3,Aprovado
195,9.1,7,5.0,Reprovado
196,9.4,10,0.8,Reprovado
197,18.4,0,0.6,Aprovado
198,22.5,5,3.3,Aprovado
199,22.3,7,7.8,Aprovado
200,19.7,2,7.1,Aprovado
201,16.4,7,7.9,Reprovado
202,3.0,0,5.2,Aprovado
203,4.9,10,4.4,Reprovado
204,22.6,10,1.5,Reprovado
205,15.6,8,3.3,Reprovado
206,1.2,10,4.3,Reprovado
207,3.4,8,0.9,Reprovado
208,16.9,4,2.2,Aprovado
209,1.1,9,6.0,Reprovado
210,4.9,3,7.4,Reprovado
211,14.2,10,10.0,Reprovado
212,17.6,5,9.3,Aprovado
213,16.6,6,6.4,Aprovado
214,6.4,4,4.2,Reprovado
215,18.1,10,6.4,Reprovado
216,6.7,9,7.9,Reprovado
217,8.8,8,1.2,Reprovado
218,18.9,2,4.1,Aprovado
219,16.6,6,8.4,Aprovado
220,21.4,9,3.8,Reprovado
221,16.8,9,5.7,Reprovado
222,14.6,10,5.9,Reprovado
223,3.2,4,1.8,Reprovado
224,9.8,6,3.6,Reprovado
225,7.4,1,3.3,Aprovado
226,6.9,3,0.3,Reprovado
227,24.4,1,0.2,Aprovado
228,10.4,6,8.3,Aprovado
229,22.4,1,2.7,Aprovado
230,16.1,10,5.2,Reprovado
231,20.1,0,3.0,Aprovado
232,13.1,8,9.4,Aprovado
233,14.8,0,2.6,Reprovado
234,12.8,7,4.3,Reprovado
235,5.7,1,8.7,Aprovado
236,18.3,7,8.4,Aprovado
237,7.7,2,1.9,Reprovado
238,1.6,5,8.0,Reprovado
239,16.5,2,4.6,Aprovado
240,5.3,6,4.8,Reprovado
241,23.6,9,1.3,Reprovado
242,23.9,8,0.8,Reprovado
243,23.0,1,7.3,Aprovado
244,9.9,4,5.0,Aprovado
245,1.4,5,4.4,Reprovado
246,23.3,3,7.3,Aprovado
247,11.3,3,7.7,Aprovado
248,24.2,3,1.6,Aprovado
249,24.1,1,6.1,Aprovado
250,21.5,3,1.4,Aprovado
251,8.1,10,7.5,Reprovado
252,10.2,0,6.6,Aprovado
253,21.4,5,9.6,Aprovado
254,8.6,0,0.7,Aprovado
255,5.1,9,0.6,Reprovado
256,14.4,5,2.8,Reprovado
257,23.5,0,2.6,Aprovado
258,17.7,5,2.5,Reprovado
259,14.7,9,9.1,Aprovado
260,3.3,7,2.5,Reprovado
261,15.8,10,2.7,Reprovado
262,24.8,1,7.6,Aprovado
263,4.4,1,4.5,Aprovado
264,13.4,3,7.8,Aprovado
265,22.1,10,0.7,Reprovado
266,18.8,2,4.9,Aprovado
267,17.7,3,0.3,Reprovado
268,17.9,6,0.6,Reprovado
269,9.6,10,9.1,Aprovado
270,8.0,0,1.4,Reprovado
271,20.4,5,5.3,Aprovado
272,20.4,2,4.1,Aprovado
273,21.8,10,3.5,Reprovado
274,22.9,9,9.0,Aprovado
275,13.3,6,0.2,Reprovado
276,13.0,9,6.6,Reprovado
277,20.2,1,9.6,Aprovado
278,16.6,1,5.6,Aprovado
279,17.8,3,9.4,Aprovado
280,20.1,0,0.5,Aprovado
281,22.4,2,4.2,Aprovado
282,9.1,8,2.6,Reprovado
283,10.0,6,7.3,Aprovado
284,3.3,6,9.8,Aprovado
285,14.9,10,2.6,Reprovado
286,1.9,3,6.5,Aprovado
287,12.2,1,2.0,Reprovado
288,14.0,3,5.7,Aprovado
289,7.9,5,4.6,Reprovado
290,15.2,10,9.7,Aprovado
291,1.7,10,6.1,Reprovado
292,1.9,2,3.5,Reprovado
293,20.7,0,1.1,Aprovado
294,9.6,7,1.5,Reprovado
295,4.0,4,2.3,Reprovado
296,13.5,4,2.5,Reprovado
297,19.5,10,8.5,Aprovado
298,6.2,3,5.6,Aprovado
299,15.9,5,5.2,Reprovado
300,3.0,2,1.1,Reprovado
301,2.2,8,8.6,Reprovado
302,13.8,4,7.2,Aprovado
303,14.0,2,0.7,Reprovado
304,16.3,10,7.1,Aprovado
305,18.4,0,5.4,Aprovado
306,24.4,9,0.8,Reprovado
307,13.4,5,4.6,Aprovado
308,8.8,1,4.8,Aprovado
309,20.1,2,1.7,Reprovado
310,7.5,0,9.5,Aprovado
311,11.5,8,8.5,Aprovado
312,2.9,7,6.7,Reprovado
313,1.6,1,4.6,Aprovado
314,24.1,10,4.1,Aprovado
315,21.1,7,6.5,Aprovado
316,17.7,8,5.5,Reprovado
317,10.8,0,0.6,Reprovado
318,5.2,4,5.1,Aprovado
319,4.8,7,8.1,Reprovado
320,7.0,10,4.6,Reprovado
321,14.2,1,0.5,Reprovado
322,18.2,3,7.9,Aprovado
323,16.8,6,2.0,Reprovado
324,7.7,2,2.6,Aprovado
325,23.9,4,1.6,Aprovado
326,18.7,7,3.3,Reprovado
327,14.3,9,7.6,Reprovado
328,15.7,2,5.2,Aprovado
329,11.1,3,2.0,Reprovado
330,6.9,8,8.8,Aprovado
331,9.5,6,8.8,Aprovado
332,19.2,0,8.7,Aprovado
333,1.3,3,2.4,Reprovado
334,3.8,3,4.5,Reprovado
335,2.1,8,9.8,Reprovado
336,2.0,5,7.7,Aprovado
337,21.5,8,0.3,Reprovado
338,17.9,5,0.7,Reprovado
339,12.4,5,4.6,Reprovado
340,3.3,4,9.1,Aprovado
341,12.8,4,5.4,Aprovado
342,12.4,1,5.0,Aprovado
343,5.2,7,1.1,Reprovado
344,11.4,7,6.6,Aprovado
345,10.6,10,8.2,Reprovado
346,15.8,0,3.8,Aprovado
347,16.2,7,7.8,Aprovado
348,2.1,4,9.6,Aprovado
349,10.0,1,2.0,Aprovado
350,16.0,1,5.2,Aprovado
351,13.1,5,2.9,Reprovado
352,21.6,10,7.9,Reprovado
353,16.8,8,5.8,Reprovado
354,4.9,0,6.3,Aprovado
355,2.7,5,8.0,Aprovado
356,16.4,8,4.0,Reprovado
357,1.6,7,9.2,Aprovado
358,15.1,10,5.3,Reprovado
359,23.6,5,1.6,Reprovado
360,14.8,2,7.0,Aprovado
361,10.3,7,7.9,Aprovado
362,16.4,8,3.2,Reprovado
363,12.0,0,8.6,Aprovado
364,14.1,8,9.1,Aprovado
365,23.6,5,2.8,Aprovado
366,10.3,5,9.8,Aprovado
367,24.1,3,1.4,Aprovado
368,22.7,0,2.0,Aprovado
369,5.7,9,1.8,Reprovado
370,2.7,7,8.9,Aprovado
371,3.4,1,6.5,Aprovado
372,1.4,0,1.5,Reprovado
373,3.3,1,4.4,Aprovado
374,17.4,0,6.2,Aprovado
375,2.7,0,0.8,Reprovado
376,8.7,8,8.8,Reprovado
377,21.3,0,8.0,Aprovado
378,1.6,3,5.1,Reprovado
379,20.5,9,9.7,Aprovado
380,7.8,5,4.2,Reprovado
381,3.8,6,9.8,Aprovado
382,17.7,1,6.7,Aprovado
383,16.1,5,6.3,Aprovado
384,22.1,6,1.7,Reprovado
385,18.6,9,8.8,Aprovado
386,20.3,9,4.3,Reprovado
387,7.8,1,1.6,Aprovado
388,5.3,1,0.1,Reprovado
389,19.0,9,5.6,Reprovado
390,20.4,6,5.3,Aprovado
391,24.8,0,7.2,Aprovado
392,10.9,7,8.9,Aprovado
393,9.9,10,0.8,Reprovado
394,19.6,2,7.3,Aprovado
395,9.2,10,1.9,Reprovado
396,23.3,5,8.6,Aprovado
397,21.6,8,8.2,Aprovado
398,11.3,5,5.4,Aprovado
399,19.0,8,7.1,Reprovado
400,19.1,6,3.1,Reprovado
401,3.5,8,4.7,Reprovado
402,22.7,1,8.2,Aprovado
403,13.1,7,4.6,Reprovado
404,20.8,7,3.6,Reprovado
405,8.7,1,4.9,Aprovado
406,22.5,3,8.3,Aprovado
407,10.3,10,3.4,Reprovado
408,1.3,6,1.7,Reprovado
409,22.7,10,7.1,Reprovado
410,3.2,3,8.3,Aprovado
411,8.7,3,1.0,Reprovado
412,23.8,5,2.4,Reprovado
413,23.8,9,1.4,Reprovado
414,14.8,5,3.5,Reprovado
415,16.2,9,4.5,Reprovado
416,11.8,2,7.5,Aprovado
417,8.0,8,6.5,Aprovado
418,8.9,9,6.2,Reprovado
419,17.1,10,3.5,Reprovado
420,19.1,1,8.4,Aprovado
421,20.0,5,4.7,Aprovado
422,20.0,6,9.8,Aprovado
423,3.2,8,6.3,Reprovado
424,12.9,2,1.3,Reprovado
425,2.4,9,6.8,Reprovado
426,14.2,2,3.3,Aprovado
427,11.6,6,6.9,Aprovado
428,22.3,3,0.7,Reprovado
429,9.4,7,1.7,Reprovado
430,3.8,6,8.6,Aprovado
431,4.4,4,2.3,Reprovado
432,19.3,6,8.4,Aprovado
433,15.8,2,2.8,Aprovado
434,3.4,1,6.4,Aprovado
435,3.0,5,6.9,Reprovado
436,17.8,1,5.1,Aprovado
437,2.7,2,3.1,Reprovado
438,20.7,5,2.1,Reprovado
439,17.9,4,0.3,Reprovado
440,3.0,7,3.0,Reprovado
441,3.0,8,6.5,Reprovado
442,24.7,10,9.4,Aprovado
443,10.0,2,8.7,Aprovado
444,9.9,9,7.7,Reprovado
445,20.5,2,7.9,Aprovado
446,23.7,2,6.6,Aprovado
447,24.7,5,2.6,Reprovado
448,19.1,0,9.1,Aprovado
449,10.0,6,6.7,Reprovado
450,3.0,0,5.6,Reprovado
451,19.7,4,1.1,Reprovado
452,14.4,9,4.5,Reprovado
453,11.2,7,4.6,Reprovado
454,22.8,3,8.6,Aprovado
455,3.7,4,5.5,Reprovado
456,12.8,3,3.8,Aprovado
457,1.3,3,9.8,Aprovado
458,12.2,7,1.1,Reprovado
459,2.4,1,4.2,Reprovado
460,3.9,0,0.4,Reprovado
461,3.8,2,7.4,Aprovado
462,16.6,8,9.2,Aprovado
463,18.9,3,2.8,Aprovado
464,15.0,9,8.6,Aprovado
465,24.1,4,2.9,Aprovado
466,10.0,1,9.1,Aprovado
467,7.9,3,7.5,Aprovado
468,21.8,1,8.0,Aprovado
469,6.4,1,0.2,Reprovado
470,24.1,3,9.6,Aprovado
471,1.3,5,7.3,Reprovado
472,24.3,6,3.0,Reprovado
473,2.0,9,8.3,Reprovado
474,22.4,2,2.8,Aprovado
475,13.7,2,8.7,Aprovado
476,24.8,9,1.1,Reprovado
477,2.8,5,7.0,Aprovado
478,14.3,2,5.4,Aprovado
479,24.3,1,1.0,Aprovado
480,13.6,7,2.4,Reprovado
481,16.1,4,0.1,Reprovado
482,17.7,0,4.7,Aprovado
483,11.9,2,3.0,Aprovado
484,16.1,9,6.0,Reprovado
485,15.0,7,3.0,Reprovado
486,22.6,3,3.0,Aprovado
487,2.1,6,7.4,Reprovado
488,7.7,9,0.5,Reprovado
489,23.8,1,9.0,Aprovado
490,22.4,6,8.5,Aprovado
491,11.9,4,6.7,Aprovado
492,15.9,4,5.9,Aprovado
493,7.7,5,8.9,Aprovado
494,5.5,8,1.9,Reprovado
495,12.1,5,0.8,Reprovado
496,9.5,7,2.4,Reprovado
497,15.0,6,7.9,Aprovado
498,2.9,8,0.3,Reprovado
499,24.4,3,5.8,Aprovado
500,24.7,1,10.0,Aprovado
501,17.8,6,8.6,Aprovado
502,13.9,5,5.2,Aprovado
503,8.4,0,0.6,Reprovado
504,20.5,10,8.3,Reprovado
505,17.4,8,6.0,Aprovado
506,4.9,8,1.1,Reprovado
507,22.9,1,0.9,Aprovado
508,20.7,2,9.1,Aprovado
509,23.8,4,6.7,Aprovado
510,18.4,4,8.3,Aprovado
511,15.7,0,8.8,Aprovado
512,11.0,7,5.7,Reprovado
513,23.4,7,5.2,Reprovado
514,21.8,3,4.3,Aprovado
515,2.1,6,3.2,Reprovado
516,1.6,10,4.3,Reprovado
517,10.0,9,7.7,Reprovado
518,20.5,2,6.0,Aprovado
519,24.7,5,8.9,Aprovado
520,4.6,9,4.4,Reprovado
521,15.3,9,6.1,Reprovado
522,10.1,8,6.3,Reprovado
523,24.3,0,5.9,Aprovado
524,21.2,4,7.0,Aprovado
525,21.1,3,2.4,Aprovado
526,12.2,7,5.1,Reprovado
527,11.0,10,1.0,Reprovado
528,7.6,0,3.8,Aprovado
529,2.4,8,4.9,Reprovado
530,21.8,5,6.5,Aprovado
531,20.5,3,9.5,Aprovado
532,25.0,8,6.0,Aprovado
533,24.9,10,7.4,Reprovado
534,14.3,4,5.1,Aprovado
535,19.5,4,6.3,Aprovado
536,23.7,4,0.7,Reprovado
537,21.4,0,2.5,Aprovado
538,6.9,0,3.6,Aprovado
539,11.8,7,4.7,Reprovado
540,4.1,7,0.5,Reprovado
541,23.9,5,1.4,Reprovado
542,15.5,10,2.8,Reprovado
543,6.5,3,9.7,Aprovado
544,17.1,1,3.3,Aprovado
545,15.8,1,4.8,Aprovado
546,9.6,8,2.0,Reprovado
547,3.7,4,6.1,Aprovado
548,17.1,3,2.8,Aprovado
549,13.5,9,2.1,Reprovado
550,19.5,0,5.2,Aprovado
551,13.5,6,0.1,Reprovado
552,21.5,2,0.1,Aprovado
553,14.2,5,2.2,Reprovado
554,14.5,4,0.4,Reprovado
555,22.0,4,1.1,Reprovado
556,10.7,10,3.4,Reprovado
557,4.2,4,8.0,Aprovado
558,1.7,0,5.7,Reprovado
559,19.1,0,5.1,Aprovado
560,15.9,2,2.9,Aprovado
561,17.9,9,9.3,Aprovado
562,6.1,3,4.0,Reprovado
563,4.3,4,0.9,Reprovado
564,1.3,1,6.2,Aprovado
565,9.4,7,1.1,Reprovado
566,15.2,10,3.5,Reprovado
567,10.4,10,5.1,Reprovado
568,11.5,1,8.7,Aprovado
569,22.7,8,4.9,Aprovado
570,9.4,1,7.0,Aprovado
571,13.3,8,9.9,Aprovado
572,19.8,6,1.3,Reprovado
573,10.5,7,2.7,Reprovado
574,15.9,10,3.9,Reprovado
575,21.7,1,4.2,Aprovado
576,23.8,6,4.1,Reprovado
577,4.5,5,9.1,Aprovado
578,23.2,3,7.1,Aprovado
579,12.8,6,6.1,Reprovado
580,7.2,3,3.1,Reprovado
581,12.0,1,8.2,Aprovado
582,24.5,9,9.6,Aprovado
583,12.8,6,8.2,Aprovado
584,8.9,7,0.0,Reprovado
585,16.2,1,6.4,Aprovado
586,6.8,4,0.5,Reprovado
587,2.8,0,2.6,Reprovado
588,4.1,6,0.6,Reprovado
589,4.1,7,6.0,Reprovado
590,4.6,5,6.9,Reprovado
591,4.3,4,1.1,Reprovado
592,16.4,5,3.8,Reprovado
593,5.4,1,4.6,Aprovado
594,9.3,0,3.7,Aprovado
595,22.5,6,1.2,Reprovado
596,12.4,6,4.2,Reprovado
597,17.0,9,7.5,Aprovado
598,5.1,10,0.7,Reprovado
599,5.6,9,0.8,Reprovado
600,2.0,1,3.5,Reprovado
601,5.1,1,9.4,Aprovado
602,7.7,0,6.7,Aprovado
603,5.2,9,6.8,Reprovado
604,3.1,7,3.6,Reprovado
605,3.9,7,5.9,Reprovado
606,12.1,0,0.1,Reprovado
607,6.0,10,6.4,Reprovado
608,9.7,7,9.1,Aprovado
609,13.1,8,6.1,Reprovado
610,17.6,3,8.7,Aprovado
611,1.9,0,7.2,Aprovado
612,20.2,0,1.2,Aprovado
613,16.1,2,9.0,Aprovado
614,3.0,4,0.7,Reprovado
615,22.0,4,5.3,Aprovado
616,23.1,8,1.4,Reprovado
617,2.5,9,0.1,Reprovado
618,7.6,1,4.2,Aprovado
619,20.3,1,3.0,Aprovado
620,19.0,5,4.9,Aprovado
621,5.4,8,5.8,Reprovado
622,6.0,0,0.4,Reprovado
623,9.9,8,1.2,Reprovado
624,12.6,8,5.6,Reprovado
625,15.8,8,3.4,Reprovado
626,9.9,4,7.3,Aprovado
627,12.1,8,6.5,Reprovado
628,18.9,10,8.5,Aprovado
629,1.9,3,6.9,Aprovado
630,7.1,1,4.3,Reprovado
631,18.1,5,6.7,Aprovado
632,22.5,3,2.8,Aprovado
633,13.3,5,3.1,Reprovado
634,13.8,2,7.9,Aprovado
635,3.6,5,4.5,Reprovado
636,11.7,1,8.0,Aprovado
637,13.8,1,8.2,Aprovado
638,6.8,8,8.6,Reprovado
639,7.5,6,9.2,Aprovado
640,10.1,2,4.3,Reprovado
641,1.5,10,3.2,Reprovado
642,8.7,0,5.8,Aprovado
643,6.1,7,3.7,Reprovado
644,8.9,5,6.0,Aprovado
645,3.9,6,7.1,Aprovado
646,22.4,8,6.9,Reprovado
647,15.2,4,3.7,Reprovado
648,17.3,0,1.7,Reprovado
649,19.9,9,4.3,Reprovado
650,13.0,6,1.4,Reprovado
651,3.1,4,8.9,Aprovado
652,13.9,2,3.5,Aprovado
653,15.1,8,1.5,Reprovado
654,18.9,0,0.3,Reprovado
655,11.4,0,6.5,Aprovado
656,4.1,0,6.4,Aprovado
657,7.8,2,3.4,Aprovado
658,9.7,5,0.7,Reprovado
659,16.5,9,4.1,Reprovado
660,14.7,10,3.1,Reprovado
661,9.5,2,6.8,Aprovado
662,24.7,7,6.1,Reprovado
663,15.5,9,3.6,Reprovado
664,6.7,1,2.2,Aprovado
665,3.4,8,9.9,Aprovado
666,4.7,2,4.5,Reprovado
667,6.9,4,6.9,Aprovado
668,4.9,9,1.4,Reprovado
669,5.5,7,4.9,Reprovado
670,7.8,1,0.3,Reprovado
671,5.2,5,5.1,Aprovado
672,22.5,4,9.6,Aprovado
673,2.9,9,3.8,Reprovado
674,13.6,8,0.4,Reprovado
675,10.8,4,0.3,Reprovado
676,24.6,1,3.9,Aprovado
677,3.7,4,1.6,Reprovado
678,10.5,3,0.2,Reprovado
679,24.3,10,7.6,Aprovado
680,21.8,6,4.6,Aprovado
681,20.6,5,2.9,Aprovado
682,7.2,1,9.0,Aprovado
683,5.1,10,1.2,Reprovado
684,17.0,10,9.6,Reprovado
685,23.3,4,3.1,Aprovado
686,14.4,6,8.9,Aprovado
687,14.7,10,6.0,Reprovado
688,7.7,6,8.3,Reprovado
689,19.5,4,9.8,Aprovado
690,5.5,8,2.9,Reprovado
691,8.8,3,9.6,Aprovado
692,11.2,10,3.9,Reprovado
693,13.2,2,3.9,Aprovado
694,6.8,3,3.4,Aprovado
695,3.8,4,5.4,Reprovado
696,15.7,5,1.5,Reprovado
697,7.9,2,5.5,Aprovado
698,14.9,1,5.4,Aprovado
699,4.7,3,7.6,Aprovado
700,12.5,4,8.3,Aprovado
701,13.8,3,4.4,Aprovado
702,2.2,10,3.0,Reprovado
703,9.1,2,2.6,Reprovado
704,4.2,7,1.9,Reprovado
705,2.5,9,0.6,Reprovado
706,24.8,3,3.4,Aprovado
707,8.7,1,2.7,Aprovado
708,20.4,1,9.7,Aprovado
709,7.1,0,5.6,Aprovado
710,17.4,3,3.5,Reprovado
711,19.2,9,5.8,Reprovado
712,15.3,8,1.4,Reprovado
713,12.3,10,4.4,Reprovado
714,10.9,6,6.3,Aprovado
715,9.4,9,4.9,Reprovado
716,23.3,6,4.0,Reprovado
717,20.9,6,9.9,Aprovado
718,24.2,7,8.8,Aprovado
719,4.0,0,6.2,Aprovado
720,18.5,9,5.7,Reprovado
721,23.5,9,6.2,Aprovado
722,5.3,7,2.0,Reprovado
723,2.6,3,4.0,Reprovado
724,18.8,3,0.4,Reprovado
725,14.8,3,4.8,Aprovado
726,21.2,5,5.4,Aprovado
727,4.4,6,2.3,Reprovado
728,20.1,5,9.6,Aprovado
729,5.8,0,9.1,Aprovado
730,4.9,7,7.2,Aprovado
731,4.9,9,5.3,Reprovado
732,20.5,10,8.7,Aprovado
733,17.0,6,1.3,Reprovado
734,13.6,5,7.9,Reprovado
735,9.6,5,1.2,Reprovado
736,22.1,4,7.9,Aprovado
737,10.4,5,2.8,Reprovado
738,20.6,8,8.8,Aprovado
739,11.5,9,9.4,Reprovado
740,10.0,8,1.5,Reprovado
741,12.1,9,4.6,Reprovado
742,8.2,7,9.8,Aprovado
743,18.9,9,4.8,Reprovado
744,13.1,8,8.6,Aprovado
745,6.6,9,5.9,Reprovado
746,22.6,7,3.8,Reprovado
747,10.2,7,2.9,Reprovado
748,14.0,0,2.0,Aprovado
749,22.8,9,7.6,Aprovado
750,16.0,10,3.9,Reprovado
751,3.8,4,5.1,Reprovado
752,23.6,3,4.9,Aprovado
753,16.1,1,5.8,Aprovado
754,9.0,7,8.7,Aprovado
755,4.3,2,9.8,Aprovado
756,20.1,3,4.1,Aprovado
757,15.9,6,8.3,Aprovado
758,13.8,9,7.6,Aprovado
759,22.5,8,5.7,Reprovado
760,19.9,1,9.6,Aprovado
761,4.6,2,2.0,Reprovado
762,8.5,3,1.1,Reprovado
763,7.0,9,8.5,Reprovado
764,18.9,0,4.4,Aprovado
765,1.8,6,8.5,Aprovado
766,14.7,1,8.9,Aprovado
767,19.3,4,0.6,Reprovado
768,22.0,0,8.8,Aprovado
769,9.2,2,4.5,Aprovado
770,20.7,1,5.1,Aprovado
771,3.7,0,6.3,Aprovado
772,21.3,6,9.3,Aprovado
773,4.1,4,0.2,Reprovado
774,10.5,0,4.8,Aprovado
775,20.1,5,6.9,Aprovado
776,4.6,4,7.2,Aprovado
777,6.5,2,6.9,Aprovado
778,18.3,6,1.3,Reprovado
779,18.3,10,3.0,Reprovado
780,16.4,9,3.6,Reprovado
781,17.7,8,8.0,Reprovado
782,14.0,8,2.8,Reprovado
783,7.0,8,2.1,Reprovado
784,9.3,1,9.6,Aprovado
785,5.4,2,0.1,Reprovado
786,22.8,6,10.0,Aprovado
787,15.0,4,6.8,Aprovado
788,10.6,1,8.3,Aprovado
789,12.1,2,2.9,Aprovado
790,23.7,9,0.1,Reprovado
791,4.7,5,7.4,Aprovado
792,15.1,6,8.3,Aprovado
793,13.1,8,7.4,Aprovado
794,15.7,0,1.4,Aprovado
795,1.4,10,7.5,Reprovado
796,21.9,6,7.7,Aprovado
797,23.4,7,6.6,Aprovado
798,14.6,2,7.7,Aprovado
799,17.7,3,8.5,Aprovado
800,23.1,9,6.1,Reprovado
801,18.0,5,0.9,Reprovado
802,4.7,9,4.9,Reprovado
803,14.8,6,0.8,Reprovado
804,15.6,3,4.1,Aprovado
805,11.2,7,4.1,Reprovado
806,18.7,4,0.7,Reprovado
807,23.4,0,3.5,Aprovado
808,23.2,3,1.1,Reprovado
809,11.8,2,8.1,Aprovado
810,3.7,8,9.5,Reprovado
811,24.6,7,0.7,Reprovado
812,21.1,0,9.6,Aprovado
813,4.0,10,5.2,Reprovado
814,23.1,5,3.0,Reprovado
815,21.9,8,0.8,Reprovado
816,13.5,6,5.0,Aprovado
817,15.2,3,7.9,Aprovado
818,10.6,0,7.1,Aprovado
819,2.3,1,0.5,Reprovado
820,9.0,4,0.7,Reprovado
821,20.3,10,4.0,Reprovado
822,1.1,4,3.0,Reprovado
823,9.0,7,2.3,Reprovado
824,10.6,5,2.8,Reprovado
825,13.9,7,8.0,Aprovado
826,23.1,1,9.3,Aprovado
827,9.3,2,4.1,Reprovado
828,9.3,5,9.1,Aprovado
829,18.7,9,3.2,Reprovado
830,11.9,2,4.8,Aprovado
831,6.4,5,2.3,Reprovado
832,11.9,5,6.4,Aprovado
833,4.4,1,9.8,Aprovado
834,5.2,6,6.0,Reprovado
835,13.0,1,3.6,Aprovado
836,11.1,5,6.5,Aprovado
837,23.0,0,1.2,Aprovado
838,9.7,2,8.9,Aprovado
839,14.9,1,5.0,Aprovado
840,16.2,6,4.5,Reprovado
841,1.3,3,5.9,Aprovado
842,16.9,7,6.2,Aprovado
843,5.3,5,0.7,Reprovado
844,24.1,9,6.8,Reprovado
845,4.6,3,2.4,Reprovado
846,11.0,4,7.1,Aprovado
847,3.0,8,8.2,Reprovado
848,24.9,6,8.0,Aprovado
849,13.1,9,5.5,Reprovado
850,15.3,8,5.2,Reprovado
851,2.6,6,1.4,Reprovado
852,19.0,0,7.8,Aprovado
853,6.0,7,2.7,Reprovado
854,22.6,3,5.0,Aprovado
855,5.9,2,2.8,Reprovado
856,5.6,6,1.3,Reprovado
857,1.9,2,6.3,Aprovado
858,12.3,7,0.5,Reprovado
859,14.6,5,7.5,Aprovado
860,2.6,4,3.2,Reprovado
861,19.6,3,0.0,Reprovado
862,11.9,7,5.1,Reprovado
863,13.6,7,0.5,Reprovado
864,11.6,0,2.8,Aprovado
865,10.6,8,7.1,Reprovado
866,14.4,4,0.6,Reprovado
867,4.7,3,8.4,Aprovado
868,5.4,5,0.0,Reprovado
869,21.7,5,2.5,Reprovado
870,23.7,1,7.4,Aprovado
871,10.0,7,3.2,Reprovado
872,7.5,6,1.0,Reprovado
873,16.5,0,3.6,Reprovado
874,10.8,4,2.7,Reprovado
875,1.6,5,8.4,Aprovado
876,4.7,3,3.1,Reprovado
877,18.2,1,7.9,Aprovado
878,16.8,3,8.9,Aprovado
879,1.7,0,4.3,Aprovado
880,6.3,6,9.1,Aprovado
881,6.5,1,3.8,Reprovado
882,17.1,1,9.6,Aprovado
883,1.5,8,0.9,Reprovado
884,3.5,4,6.9,Aprovado
885,20.2,1,4.9,Aprovado
886,5.3,10,3.9,Reprovado
887,16.7,8,6.3,Aprovado
888,6.7,8,7.0,Reprovado
889,3.4,0,0.0,Reprovado
890,6.8,10,1.7,Reprovado
891,18.3,2,7.1,Aprovado
892,21.5,3,6.7,Aprovado
893,20.9,6,9.7,Aprovado
894,10.5,9,7.6,Reprovado
895,17.0,3,9.5,Aprovado
896,5.9,1,7.0,Aprovado
897,8.0,6,3.0,Reprovado
898,22.5,5,1.1,Reprovado
899,1.3,2,7.8,Aprovado
900,3.1,5,6.4,Reprovado
901,6.0,10,0.5,Reprovado
902,1.6,5,3.6,Reprovado
903,5.4,4,9.6,Aprovado
904,15.0,3,5.0,Aprovado
905,11.1,9,4.3,Reprovado
906,22.4,0,4.6,Aprovado
907,20.6,9,2.1,Reprovado
908,9.2,5,3.7,Reprovado
909,7.2,1,3.7,Aprovado
910,10.1,2,0.5,Reprovado
911,15.2,7,7.7,Aprovado
912,7.4,9,4.2,Reprovado
913,16.0,5,8.2,Aprovado
914,10.8,2,8.5,Aprovado
915,14.2,6,2.1,Reprovado
916,11.5,3,6.6,Aprovado
917,8.1,8,4.7,Reprovado
918,23.8,4,8.8,Aprovado
919,19.3,2,2.2,Aprovado
920,4.4,1,6.8,Aprovado
921,21.8,10,6.1,Reprovado
922,12.7,1,3.0,Aprovado
923,22.5,2,1.4,Aprovado
924,20.2,1,6.5,Aprovado
925,11.2,3,7.4,Aprovado
926,1.5,1,3.2,Reprovado
927,7.4,9,6.4,Reprovado
928,14.0,8,4.0,Reprovado
929,16.2,1,7.1,Aprovado
930,7.2,8,2.0,Reprovado
931,4.3,5,8.9,Reprovado
932,21.0,0,2.9,Aprovado
933,24.6,3,3.7,Reprovado
934,13.6,0,0.6,Aprovado
935,5.1,5,1.1,Reprovado
936,7.5,3,5.2,Aprovado
937,1.4,2,2.7,Reprovado
938,22.9,2,8.4,Aprovado
939,3.8,8,0.1,Reprovado
940,14.8,5,3.8,Aprovado
941,7.6,8,3.4,Reprovado
942,14.3,4,0.2,Reprovado
943,16.6,1,1.2,Reprovado
944,20.9,7,4.1,Aprovado
945,6.0,4,4.9,Aprovado
946,1.3,1,4.0,Aprovado
947,4.3,3,5.3,Reprovado
948,22.6,8,6.0,Aprovado
949,22.0,3,0.1,Reprovado
950,15.3,3,4.6,Aprovado
951,15.4,1,9.6,Aprovado
952,17.0,5,5.2,Reprovado
953,5.2,10,6.8,Reprovado
954,22.9,1,3.1,Aprovado
955,11.1,6,7.7,Aprovado
956,10.2,2,7.7,Aprovado
957,13.5,2,5.2,Aprovado
958,2.1,4,9.8,Aprovado
959,5.0,2,1.3,Reprovado
960,18.7,1,0.2,Reprovado
961,3.0,9,7.7,Reprovado
962,15.5,8,8.1,Aprovado
963,6.9,1,1.2,Reprovado
964,10.3,10,2.7,Reprovado
965,7.9,1,0.2,Reprovado
966,9.5,7,2.9,Reprovado
967,18.3,8,7.7,Aprovado
968,8.1,6,5.2,Reprovado
969,14.6,2,3.5,Reprovado
970,12.4,8,3.7,Reprovado
971,16.9,2,0.0,Reprovado
972,23.5,4,3.0,Aprovado
973,18.6,8,6.5,Aprovado
974,6.2,2,9.7,Aprovado
975,1.7,6,8.5,Reprovado
976,7.3,0,0.2,Aprovado
977,15.3,3,9.0,Aprovado
978,2.2,3,7.8,Aprovado
979,12.9,6,7.8,Aprovado
980,15.3,7,4.6,Reprovado
981,9.0,0,4.0,Aprovado
982,19.5,4,3.0,Reprovado
983,3.6,6,0.7,Reprovado
984,2.8,3,2.3,Reprovado
985,18.5,3,2.5,Aprovado
986,12.9,3,4.8,Aprovado
987,17.5,5,7.5,Aprovado
988,11.4,6,4.7,Reprovado
989,6.9,1,0.6,Reprovado
990,20.7,4,9.6,Aprovado
991,20.2,3,9.4,Aprovado
992,17.7,2,7.9,Aprovado
993,7.5,6,9.9,Aprovado
994,15.2,10,5.4,Reprovado
995,9.7,5,9.6,Reprovado
996,3.2,6,0.8,Reprovado
997,23.0,4,3.7,Reprovado
998,4.3,5,2.3,Reprovado
999,23.8,4,2.0,Reprovado
1000,11.7,6,1.4,Reprovado
